timeout_subtype,n,mean,std,sigma2_h0,sigma2_h1,glrt_stat,glrt_p,t_stat,t_p,ci_low,ci_high,crit,reject_h0,signif,metric,slice,streak_bucket,margin_bucket,time_bucket
challenge,1396,-0.11177899209702447,2.84020966852901,8.073507000726023,8.061012457651797,2.162120249482098,0.14144939336563978,-1.4704575681991314,0.1416633775612719,-0.2608979138483386,0.0373399296542897,3.8414588206941205,false,ns,excess_net_post,overall,,,
full,74236,-0.010752729380572678,2.9572973283430692,8.74560530124176,8.745489680052629,0.981442797685892,0.3218428620702638,-0.9906745503291333,0.3218477509050648,-0.03202642207480679,0.010520963313661433,3.8414588206941205,false,ns,excess_net_post,overall,,,
official_inferred,14538,-0.0029602612866380562,2.9591393950095513,8.755912403771475,8.75590364062459,0.01455001915205153,0.9039892859644364,-0.12061934175677153,0.9039942151799916,-0.05106605047656799,0.04514552790329187,3.8414588206941205,false,ns,excess_net_post,overall,,,
challenge,623,-0.24867817279951487,2.8233207244884406,8.020185979836747,7.958345146209841,4.822349615153675,0.028093025269471106,-2.198474714112109,0.02828285038789069,-0.4708096897146841,-0.026546655884345627,3.8414588206941205,true,*,excess_net_post,streak_bucket,calm,,
challenge,220,0.04532850446495659,2.728852646307941,7.414843089645876,7.412788416328846,0.060971050225738184,0.8049676869684059,0.24637840866207403,0.8056200942610094,-0.31726790483567535,0.4079249137655885,3.8414588206941205,false,ns,excess_net_post,streak_bucket,down3-5,,
challenge,54,-0.3915708907961438,2.7701749699840286,7.685088434912936,7.531760672394051,1.0882646395273867,0.29685602869404937,-1.0387237892592283,0.3036489404694791,-1.1476831067852689,0.3645413251929812,3.8414588206941205,false,ns,excess_net_post,streak_bucket,down6-9,,
challenge,362,0.008687827360674756,2.9323525945148488,8.575013924806749,8.5749384464625,0.0031863832653025656,0.9549848731166062,0.05637016131271785,0.9550781129004053,-0.2943999775260304,0.3117756322473799,3.8414588206941205,false,ns,excess_net_post,streak_bucket,up3-5,,
challenge,103,0.1720739191557134,2.876180086292989,8.221706643910025,8.192097210256419,0.37161099299034644,0.5421274458603627,0.607180181454703,0.5450806271872992,-0.3900455524482063,0.7341933907596332,3.8414588206941205,false,ns,excess_net_post,streak_bucket,up6-9,,
full,21588,-0.03146629680245674,2.96142588371964,8.770627146385253,8.769637018550792,2.4372357807201097,0.11848485321795954,-1.5611727838339637,0.1184976476660049,-0.07097266485522197,0.008040071250308499,3.8414588206941205,false,ns,excess_net_post,streak_bucket,calm,,
full,2834,0.015248236256274996,2.9345353954563342,8.608691858637693,8.608459349928765,0.07654340409252255,0.7820375130654864,0.2766178382752398,0.7820937449901095,-0.09283867479427557,0.12333514730682557,3.8414588206941205,false,ns,excess_net_post,streak_bucket,down10+,,
full,27399,-0.004580079836603721,2.9537802827934594,8.724520500515876,8.724499523384566,0.06587790259470211,0.7974359180923036,-0.2566623801791363,0.7974413422995597,-0.039556721547028495,0.03039656187382105,3.8414588206941205,false,ns,excess_net_post,streak_bucket,down3-5,,
full,15219,-0.002904524184147347,2.970366781661668,8.822507512824442,8.822499076563705,0.014552723626969528,0.9039804066124626,-0.12063073556756,0.9039851156888168,-0.05009992240550806,0.044290874037213365,3.8414588206941205,false,ns,excess_net_post,streak_bucket,down6-9,,
full,250,-0.3291722495735734,3.111474539318453,9.750903083480997,9.64254871359167,2.7936104031800957,0.09464078021532418,-1.6727343226178077,0.09563552640072115,-0.7167513603582769,0.0584068612111302,3.8414588206941205,false,ns,excess_net_post,streak_bucket,up10+,,
full,5476,0.0030151703723970986,2.939045712580451,8.636421364990593,8.636412273738218,0.005764392692532803,0.9394798827670949,0.0759166849982357,0.9394881562092365,-0.0748456064658378,0.08087594721063199,3.8414588206941205,false,ns,excess_net_post,streak_bucket,up3-5,,
full,1470,0.04987540541547593,2.9116931315901433,8.474677131000593,8.472189574935236,0.4315496788628276,0.5112295225608293,0.6567491271683835,0.5114451082939477,-0.09909259891907006,0.1988434097500219,3.8414588206941205,false,ns,excess_net_post,streak_bucket,up6-9,,
official_inferred,6736,0.014662181260876461,2.95116817657793,8.708315623771893,8.708100644212566,0.1662916514416123,0.683428785520436,0.4077609799528765,0.6834621241101402,-0.055826448099277594,0.08515081062103051,3.8414588206941205,false,ns,excess_net_post,streak_bucket,calm,,
official_inferred,130,-0.1662685542755726,2.83444872901334,7.999944063412341,7.972298831271452,0.45001616752681584,0.5023272767604572,-0.668826066992436,0.5048015636239054,-0.6581249920432547,0.32558788349210954,3.8414588206941205,false,ns,excess_net_post,streak_bucket,down10+,,
official_inferred,4334,-0.08207170991167383,2.913682726695824,8.494323972532994,8.48758820696517,3.4381062854784523,0.06370867613837083,-1.8543669396854814,0.0637545796203447,-0.16884123640533089,0.004697816581983219,3.8414588206941205,false,ns,excess_net_post,streak_bucket,down3-5,,
official_inferred,1146,0.054663757187127245,3.096518081397923,9.58304549244562,9.580057366095808,0.35739440005289075,0.5499568921061362,0.5976104280263712,0.5502180727259915,-0.12480494573804904,0.23413246011230351,3.8414588206941205,false,ns,excess_net_post,streak_bucket,down6-9,,
official_inferred,39,-0.4185032473261849,3.0927817403868394,9.495179787496136,9.320034819473575,0.7260986602275833,0.39415069495328925,-0.8450489433982354,0.4033729305159013,-1.4210671083711892,0.5840606137188193,3.8414588206941205,false,ns,excess_net_post,streak_bucket,up10+,,
official_inferred,1771,0.10567406792970298,2.9896639089996992,8.94421038024907,8.933043371616257,2.2125070366420463,0.13689604090481933,1.4874943946030015,0.13706239949302246,-0.033660301753763985,0.24500843761316993,3.8414588206941205,false,ns,excess_net_post,streak_bucket,up3-5,,
official_inferred,382,0.005343345184241489,3.068405599215196,9.3904945801688,9.390466028831042,0.0011614540119232678,0.9728132678541039,0.03403550084028306,0.9728666651138012,-0.30333841315611376,0.3140251035245968,3.8414588206941205,false,ns,excess_net_post,streak_bucket,up6-9,,
challenge,224,-0.004676604679179931,2.8982345022110927,8.362286157447896,8.36226428681657,0.0005858479046360563,0.9806896520856259,-0.024150223081707948,0.9807543789926625,-0.3862876931619644,0.37693448380360456,3.8414588206941205,false,ns,excess_net_post,margin_bucket,,down1-5,
challenge,93,-0.20568569032065515,2.785868651329088,7.719918443053759,7.677611839851075,0.5110591019101494,0.4746807380638728,-0.7120080708183518,0.47826147437898703,-0.7794285338097426,0.3680571531684323,3.8414588206941205,false,ns,excess_net_post,margin_bucket,,down15+,
challenge,288,0.1501105273172878,2.8891144910236717,8.340533134382767,8.317999963971292,0.7791270693634312,0.37740824600752587,0.8817442614198401,0.37865297780316887,-0.18497207747291694,0.48519313210749254,3.8414588206941205,false,ns,excess_net_post,margin_bucket,,down6-15,
challenge,46,-0.7524893254947415,2.8405489653553153,8.459551687291182,7.89331150230765,3.1868995306393626,0.07423067627584479,-1.7967058397975186,0.07909631601097633,-1.596028243777782,0.09104959278829916,3.8414588206941205,false,ns,excess_net_post,margin_bucket,,tied,
challenge,251,-0.2517795667647933,2.876399343215208,8.304103290527996,8.240710340287729,1.9234678289788516,0.16547487254168247,-1.3867818905788722,0.16674356188277928,-0.6093552285240795,0.105796094994493,3.8414588206941205,false,ns,excess_net_post,margin_bucket,,up1-5,
challenge,128,-0.50749470433131,2.728009183296693,7.641444087636733,7.38389321271241,4.388552564623172,0.03618101707365573,-2.1047022806002227,0.037288042900289975,-0.9846360292329273,-0.030353379429692906,3.8414588206941205,true,*,excess_net_post,margin_bucket,,up15+,
challenge,366,-0.04461331639819379,2.782102832226665,7.720938713343012,7.718948365342967,0.09436174867591504,0.7587036468842826,-0.30678341158363415,0.7591831737813464,-0.3305851003269837,0.24135846753059612,3.8414588206941205,false,ns,excess_net_post,margin_bucket,,up6-15,
full,13777,0.024663923038998354,2.9440444814974573,8.667377097288313,8.666768788188639,0.9669555713922502,0.32544062600503787,0.9833205565737866,0.32546696492546845,-0.024500765041531123,0.07382861111952783,3.8414588206941205,false,ns,excess_net_post,margin_bucket,,down1-5,
full,7733,0.1668634989337297,2.9691831230288344,8.842751789954391,8.814908362677984,24.38753489675024,7.877676889700425e-7,4.941950234586701,7.89704304171579e-7,0.1006755293390214,0.233051468528438,3.8414588206941205,true,***,excess_net_post,margin_bucket,,down15+,
full,19018,0.10724508311126119,2.9620921421386774,8.785030014501512,8.77352850664997,24.914995993742625,5.991455275244917e-7,4.992996338864897,5.997565377668934e-7,0.06514413505312738,0.149346031169395,3.8414588206941205,true,***,excess_net_post,margin_bucket,,down6-15,
full,2982,0.01426306914350063,2.9307573287332236,8.586661559853649,8.586458124712257,0.07065036554835956,0.7903921920308381,0.2657583675686714,0.7904436858867683,-0.0909695793227545,0.11949571760975576,3.8414588206941205,false,ns,excess_net_post,margin_bucket,,tied,
full,12333,-0.08803440844465675,2.9517671353908344,8.719972805829084,8.712222748758883,10.966083973166745,0.0009279464984726093,-3.3121097794995875,0.0009286146082951863,-0.14013449509602052,-0.03593432179329298,3.8414588206941205,true,***,excess_net_post,margin_bucket,,up1-5,
full,5112,-0.26000595157917566,2.951389629915656,8.776599871235511,8.70899677637892,39.52839011317648,3.2332458932415875e-10,-6.298717996452942,3.252502711603711e-10,-0.34093083360099047,-0.17908106955736086,3.8414588206941205,true,***,excess_net_post,margin_bucket,,up15+,
full,13281,-0.15779162730473548,2.9558510941753244,8.761296027302585,8.736397829655107,37.79620204099583,7.853452332895472e-10,-6.152006581974228,7.870655238662039e-10,-0.20806694675899526,-0.1075163078504757,3.8414588206941205,true,***,excess_net_post,margin_bucket,,up6-15,
official_inferred,3404,-0.0405852436918221,2.9371206171677215,8.625790405205038,8.624143243199514,0.6500824406783224,0.42008320640319907,-0.8061969520148526,0.420185629616197,-0.1392880706933053,0.05811758330966108,3.8414588206941205,false,ns,excess_net_post,margin_bucket,,down1-5,
official_inferred,1073,0.23784141704242373,2.885666594973719,8.37587968556589,8.319311145905141,7.271348492508249,0.007006318173061188,2.6998596771921233,0.007046073565672106,0.06498520206326397,0.4106976320215835,3.8414588206941205,true,**,excess_net_post,margin_bucket,,down15+,
official_inferred,2987,0.1313944669285205,3.000898129838446,9.019639230681411,9.002374724741982,5.722900353274091,0.016745047586467443,2.393004061584808,0.016772475547224275,0.023733616309854627,0.23905531754718637,3.8414588206941205,true,*,excess_net_post,margin_bucket,,down6-15,
official_inferred,743,-0.13484330144628642,2.9151916601643797,8.505087254700019,8.486904538755084,1.5901329600212963,0.20730713857195515,-1.2608303985428444,0.207766262075882,-0.34480002403792553,0.07511342114535272,3.8414588206941205,false,ns,excess_net_post,margin_bucket,,tied,
official_inferred,3085,-0.03940348040618037,2.9451647167912345,8.672736175485191,8.67118354121707,0.5523407405228551,0.45736284305575026,-0.7431090986114399,0.45747223327395203,-0.14337169208127348,0.06456473126891274,3.8414588206941205,false,ns,excess_net_post,margin_bucket,,up1-5,
official_inferred,959,-0.12373482610116382,3.0135268710181027,9.087184911830049,9.071874604639763,1.617108866374038,0.20349538657041089,-1.2715287595758447,0.2038492111709238,-0.314703833515292,0.06723418131296438,3.8414588206941205,false,ns,excess_net_post,margin_bucket,,up15+,
official_inferred,2287,-0.09276485089703532,2.9721160454668256,8.838216633141762,8.829611315579813,2.2278191611948337,0.13554504681454493,-1.4926252044433592,0.13567331313448894,-0.2146387694597403,0.02910906766566966,3.8414588206941205,false,ns,excess_net_post,margin_bucket,,up6-15,
challenge,30,-0.818299252492756,2.6129465500880675,7.269520351126766,6.599906684496562,2.8990440806357283,0.08863209921544579,-1.715308563678012,0.09695662396751437,-1.7939895293165469,0.1573910243310347,3.8414588206941205,false,ns,excess_net_post,time_bucket,,,OT
challenge,150,-0.140575881911057,2.9022565002465135,8.386700419843391,8.36693884126832,0.3538620015377549,0.5519350442606121,-0.5932266510464973,0.5539288741701425,-0.6088282684677019,0.32767650464558784,3.8414588206941205,false,ns,excess_net_post,time_bucket,,,Q1
challenge,331,0.13388341346435811,2.9118229651714667,8.471022301829827,8.453097533428958,0.7011414025569169,0.40240043204888687,0.8365189939251957,0.403468324614757,-0.18096012001531925,0.4487269469440355,3.8414588206941205,false,ns,excess_net_post,time_bucket,,,Q2
challenge,356,-0.22401412990945713,2.884298507383025,8.34599173290089,8.2958094025018,2.146998828406334,0.14284888216423985,-1.4654135620639148,0.14369322341072288,-0.5246539166076125,0.07662565678869826,3.8414588206941205,false,ns,excess_net_post,time_bucket,,,Q3
challenge,433,-0.12804741592959357,2.7388931970785713,7.500607522346144,7.484211381619898,0.9475632389339753,0.3303403304064455,-0.9728360807928217,0.3311791710707408,-0.38674816183575284,0.1306533299765657,3.8414588206941205,false,ns,excess_net_post,time_bucket,,,Q4_clutch
challenge,96,-0.20343710018152864,2.8427330895513063,8.038339619884875,7.996952966154605,0.4955478746680421,0.4814629069100924,-0.7011802719401448,0.48490455543722977,-0.7794283587035657,0.37255415834050853,3.8414588206941205,false,ns,excess_net_post,time_bucket,,,Q4_early
full,404,-0.06431849598383074,2.905896561002883,8.42747012082933,8.423333251903708,0.19836384563505177,0.6560447565147727,-0.44488361592057446,0.6566427063838531,-0.3485314095318707,0.21989441756420922,3.8414588206941205,false,ns,excess_net_post,time_bucket,,,OT
full,15673,0.028947391227259922,2.975982145806059,8.856742605472496,8.855904654013631,1.4829192985300614,0.22331832897485693,1.2177416943537596,0.2233404812565598,-0.017647240963852097,0.07554202341837193,3.8414588206941205,false,ns,excess_net_post,time_bucket,,,Q1
full,16909,0.024094234406637903,2.953598988299177,8.723811592519242,8.7232310603876,1.1252586484531841,0.2887889420738283,1.060768372909014,0.2888103305722569,-0.020427466701285403,0.06861593551456122,3.8414588206941205,false,ns,excess_net_post,time_bucket,,,Q2
full,17587,0.006684879340301709,2.98243382587077,8.894450447032265,8.89440575942047,0.08836105250483176,0.766271169977731,0.2972477926580495,0.7662808474203033,-0.03739627077212764,0.05076602945273106,3.8414588206941205,false,ns,excess_net_post,time_bucket,,,Q3
full,11035,-0.12229994590672973,2.8943658340645135,8.391551696086164,8.376594419317376,19.68656424913163,9.124061698506658e-6,-4.438732884405526,9.136847011426141e-6,-0.17630855431494752,-0.06829133749851193,3.8414588206941205,true,***,excess_net_post,time_bucket,,,Q4_clutch
full,12628,-0.03178206272430585,2.9578380385850758,8.749123151918178,8.748113052407167,1.4580058805027283,0.2272476726877285,-1.2074661851371522,0.22727527667871827,-0.08337578071999119,0.01981165527137948,3.8414588206941205,false,ns,excess_net_post,time_bucket,,,Q4_early
official_inferred,5209,0.042947928228519554,2.9629741585091023,8.779374994816353,8.777530470277231,1.0945127407263986,0.2954734899885958,1.0461441566131569,0.2955430313134184,-0.037534249569016555,0.12343010602605567,3.8414588206941205,false,ns,excess_net_post,time_bucket,,,Q1
official_inferred,3623,0.008299382771371632,2.9590664002797102,8.75372603893169,8.753657159177305,0.028508126807640685,0.8659197430362002,0.16882052684752244,0.865947238624827,-0.0880865792525382,0.10468534479528145,3.8414588206941205,false,ns,excess_net_post,time_bucket,,,Q2
official_inferred,3647,-0.08499717264118796,2.9419949009155064,8.66018524135009,8.652960721993095,3.0436783332201394,0.08105206602083959,-1.744738905911554,0.08111458317124387,-0.18051101605506234,0.01051667077268642,3.8414588206941205,false,ns,excess_net_post,time_bucket,,,Q3
official_inferred,613,0.06567641301609105,3.040316018584255,9.23275572993845,9.22844233871179,0.28645040914730957,0.5925042225730875,0.5348363729124538,0.592957267032429,-0.1754786115882025,0.30683143762038456,3.8414588206941205,false,ns,excess_net_post,time_bucket,,,Q4_clutch
official_inferred,1446,-0.018738349283978693,2.953276073523443,8.71615899123495,8.715807865501063,0.05825249846377211,0.8092795653427136,-0.24127450291772262,0.809376601731628,-0.17108465014214844,0.13360795157419106,3.8414588206941205,false,ns,excess_net_post,time_bucket,,,Q4_early
challenge,1396,-0.021128470655968443,0.6625983136658843,0.439168441466858,0.4387220291945979,1.4197479221300258,0.23344489830445558,-1.1914078177156338,0.23369618604450637,-0.05591672843246876,0.013659787120531876,3.8414588206941205,false,ns,excess_ppp_for_post,overall,,,
full,74236,0.006732969411901993,0.6872780949944183,0.4723901499044804,0.4723448170273788,7.1243927342442195,0.007604216595508695,2.6692018719669384,0.007604827164354067,0.0017889474333673567,0.011676991390436629,3.8414588206941205,true,**,excess_ppp_for_post,overall,,,
official_inferred,14538,0.013404128792528119,0.6836750831844761,0.4675591390097546,0.4673794683410679,5.58764435008909,0.018087604960976944,2.3639657072214746,0.01809355933561907,0.0022898401309174136,0.024518417454138824,3.8414588206941205,true,*,excess_ppp_for_post,overall,,,
challenge,623,-0.02578897264351751,0.6525741800256496,0.4258345792822145,0.42516950817220645,0.9737659125207598,0.3237427636627844,-0.9863889046096337,0.3243258449115525,-0.07713180849332524,0.025553863206290224,3.8414588206941205,false,ns,excess_ppp_for_post,streak_bucket,calm,,
challenge,220,-0.03132084865545505,0.6958605021055964,0.4830018255948295,0.4820208300343316,0.4472829656206028,0.5036280626796417,-0.6676097571575901,0.505085622564819,-0.12378334192309302,0.061141644612182924,3.8414588206941205,false,ns,excess_ppp_for_post,streak_bucket,down3-5,,
challenge,54,-0.2090902916720116,0.6264570433897019,0.4288996138171543,0.3851808637456674,5.805534123669055,0.015975814434693314,-2.4526718799178626,0.017505149998927827,-0.3800801491473731,-0.038100434196650074,3.8414588206941205,true,*,excess_ppp_for_post,streak_bucket,down6-9,,
challenge,362,0.03175480633235948,0.6684779658155134,0.44663673090721034,0.44562836318200466,0.8182081185167758,0.3657045912545408,0.9038089901276041,0.3666994100184444,-0.03733903990330268,0.10084865256802164,3.8414588206941205,false,ns,excess_ppp_for_post,streak_bucket,up3-5,,
challenge,103,-0.006550357246540546,0.6294427440439586,0.3923944910540186,0.3923515838739613,0.011263361975304281,0.9154800123663097,-0.10561542894378546,0.9160949069620039,-0.12956839230391434,0.11646767781083325,3.8414588206941205,false,ns,excess_ppp_for_post,streak_bucket,up6-9,,
full,21588,0.00441590457944115,0.6910116901534048,0.47749453750397614,0.4774750372907214,0.8816419180519088,0.3477523653937913,0.9389457284113341,0.3477691148590716,-0.004802412282730312,0.013634221441612611,3.8414588206941205,false,ns,excess_ppp_for_post,streak_bucket,calm,,
full,2834,-0.005160158813490187,0.6821300902636415,0.4651639018692048,0.46513727463022436,0.162230462988609,0.6871112311724714,-0.40271312430252804,0.6871896631412469,-0.030284863223390475,0.019964545596410102,3.8414588206941205,false,ns,excess_ppp_for_post,streak_bucket,down10+,,
full,27399,0.00888834555543843,0.685280389718167,0.4696710755711058,0.4695920728843929,4.609133493441738,0.031802098872101836,2.146940371495958,0.03180677886964767,0.0007737248431338856,0.017002966267742975,3.8414588206941205,true,*,excess_ppp_for_post,streak_bucket,down3-5,,
full,15219,0.008844758350891598,0.6872378948441701,0.47234312055149763,0.472264890801212,2.5207886403896715,0.11235438182737822,1.5877127474556225,0.11237208432018364,-0.0020745888220645645,0.01976410552384776,3.8414588206941205,false,ns,excess_ppp_for_post,streak_bucket,down6-9,,
full,250,-0.0654442269647851,0.7321177983311234,0.538135431593697,0.5338524847506787,1.997676264362148,0.15754056735925503,-1.4133846861084505,0.1587915358573213,-0.15664007693275112,0.025751623003180915,3.8414588206941205,false,ns,excess_ppp_for_post,streak_bucket,up10+,,
full,5476,0.008290505787397701,0.6862916739799096,0.4709789832556508,0.47091025076943993,0.7992003338872525,0.37133256412427595,0.8939310376733336,0.37139808304081434,-0.009890634657258012,0.026471646232053413,3.8414588206941205,false,ns,excess_ppp_for_post,streak_bucket,up3-5,,
full,1470,0.008125271504858284,0.6759049722890502,0.45660277096837176,0.4565367509313441,0.21256216004726505,0.6447665784784375,0.46090445699711985,0.6449353805088518,-0.026455369480034317,0.042705912489750884,3.8414588206941205,false,ns,excess_ppp_for_post,streak_bucket,up6-9,,
official_inferred,6736,0.01616742555466778,0.6765923656303365,0.45797065507588175,0.457709269426816,3.8456533398090023,0.049875086846777994,1.961168079796042,0.049900561964469015,7.022068571414797e-6,0.032327829040764144,3.8414588206941205,true,*,excess_ppp_for_post,streak_bucket,calm,,
official_inferred,130,-0.02327956834814082,0.6373166437867159,0.40359003886967365,0.40304810056719786,0.17468053263942426,0.6759851351104262,-0.41647730364858776,0.6777529108153955,-0.1338719000895253,0.08731276339324366,3.8414588206941205,false,ns,excess_ppp_for_post,streak_bucket,down10+,,
official_inferred,4334,0.007892305032836016,0.6850047494667598,0.4691855277334189,0.4691232392546875,0.575414568670553,0.44811529746661916,0.7584985116578765,0.4481938576353759,-0.012507149311508576,0.028291759377180606,3.8414588206941205,false,ns,excess_ppp_for_post,streak_bucket,down3-5,,
official_inferred,1146,0.021836775929085506,0.7085684489769791,0.5021079858685443,0.5016311410855673,1.0888569504319658,0.29672461050302845,1.0432755184685854,0.2970409210480911,-0.019230596238233914,0.06290414809640493,3.8414588206941205,false,ns,excess_ppp_for_post,streak_bucket,down6-9,,
official_inferred,39,-0.10520590632065896,0.6601998565798648,0.4357561371828747,0.42468785445812346,1.0034048507466353,0.31648803386215374,-0.9951693685542713,0.325948974871372,-0.31921794235630857,0.10880612971499065,3.8414588206941205,false,ns,excess_ppp_for_post,streak_bucket,up10+,,
official_inferred,1771,0.006789880529144043,0.6874565680547637,0.47237578251266066,0.4723296800350606,0.17285279090969233,0.6775887881202475,0.415648433163273,0.6777176643150056,-0.025249281901899494,0.038829042960187576,3.8414588206941205,false,ns,excess_ppp_for_post,streak_bucket,up3-5,,
official_inferred,382,0.05717211109198509,0.7178475987521616,0.5172248588941676,0.5139562086074533,2.421744601098193,0.11966159837542001,1.55662377165973,0.12039007388961975,-0.01504339361830944,0.12938761580227962,3.8414588206941205,false,ns,excess_ppp_for_post,streak_bucket,up6-9,,
challenge,224,-0.009732774006847005,0.6359231685145597,0.4026876536959047,0.40259292680603637,0.05269920557417772,0.8184313021804971,-0.22906355710602944,0.8190294565243499,-0.09346489863069053,0.07399935061699651,3.8414588206941205,false,ns,excess_ppp_for_post,margin_bucket,,down1-5,
challenge,93,-0.08480442842353848,0.5876638700004853,0.34882718696801884,0.3416353958877758,1.9374279685367506,0.16394807359005759,-1.3916531753118566,0.16738312073140782,-0.20583236691913953,0.03622351007206255,3.8414588206941205,false,ns,excess_ppp_for_post,margin_bucket,,down15+,
challenge,288,0.03631109089437523,0.6769395019169111,0.4579744488508736,0.456655953528934,0.8303395880286478,0.3621743519727857,0.9103023900122287,0.36342693254878333,-0.04220108032364102,0.11482326211239148,3.8414588206941205,false,ns,excess_ppp_for_post,margin_bucket,,down6-15,
challenge,46,-0.1442332571168015,0.6319671128652737,0.4115034374247635,0.3907002049662421,2.386334953264874,0.12240029281246101,-1.5479247644262224,0.12864519551575015,-0.3319043239699465,0.04343780973634351,3.8414588206941205,false,ns,excess_ppp_for_post,margin_bucket,,tied,
challenge,251,-0.06285428411748545,0.6899690345876353,0.4781112872169748,0.4741606261850532,2.0826438208796847,0.14898193885606736,-1.44325192285131,0.15020135345495977,-0.1486268437302661,0.02291827549529521,3.8414588206941205,false,ns,excess_ppp_for_post,margin_bucket,,up1-5,
challenge,128,-0.08974965828657051,0.6364239963298265,0.40992616439897983,0.40187116323642363,2.540225133996936,0.11097896131946794,-1.595479550729447,0.11309055571225102,-0.20106313577311952,0.021563819199978476,3.8414588206941205,false,ns,excess_ppp_for_post,margin_bucket,,up15+,
challenge,366,0.010964823522277426,0.6765948115375318,0.45664999985438415,0.45652977249950943,0.09637360237394901,0.7562256344710222,0.3100369999084648,0.7567097600047734,-0.058582219459413276,0.08051186650396813,3.8414588206941205,false,ns,excess_ppp_for_post,margin_bucket,,up6-15,
full,13777,0.010012527520777251,0.6813170326288804,0.4642594563354497,0.4641592056280954,2.9752827192581113,0.08454535403147989,1.7249313117215017,0.08456228095818097,-0.0013652691136380908,0.021390324155192594,3.8414588206941205,false,ns,excess_ppp_for_post,margin_bucket,,down1-5,
full,7733,0.03430743755609589,0.6900305112029783,0.47725753390874665,0.47608053363708125,19.09448082504448,0.00001244041281878161,4.372139317214229,0.000012464577561654977,0.018925523877314603,0.04968935123487717,3.8414588206941205,true,***,excess_ppp_for_post,margin_bucket,,down15+,
full,19018,0.030505380178688854,0.6888789502071546,0.4754598333606798,0.4745292551408335,37.258832674783704,1.0344539669304709e-9,6.106831667094491,1.0360139413023717e-9,0.02071417331904237,0.04029658703833534,3.8414588206941205,true,***,excess_ppp_for_post,margin_bucket,,down6-15,
full,2982,-0.020309561776605145,0.6927443893632702,0.48014633678110663,0.47973385848154887,2.5628414276326144,0.1094017943860669,-1.6009632216824219,0.10949102475604122,-0.045183448839218154,0.004564325286007864,3.8414588206941205,false,ns,excess_ppp_for_post,margin_bucket,,tied,
full,12333,-0.008228551634524423,0.6898800434305326,0.47596359306103186,0.4758958839990298,1.7545780300653628,0.18530224377549198,-1.3245982667016298,0.18532897684841387,-0.02040526083723674,0.003948157568187895,3.8414588206941205,false,ns,excess_ppp_for_post,margin_bucket,,up1-5,
full,5112,-0.04295459995514081,0.6940591761630674,0.48346900486046984,0.48162390720316367,19.54661690726056,9.817444006854359e-6,-4.424952375672403,9.846959755810403e-6,-0.06198518011908864,-0.02392401979119298,3.8414588206941205,true,***,excess_ppp_for_post,margin_bucket,,up15+,
full,13281,-0.007675239346004055,0.681356378952854,0.464270468749046,0.4642115594500275,1.6852763490347042,0.19422482257479246,-1.2981742476527114,0.19425000987825936,-0.01926425669588162,0.00391377800387351,3.8414588206941205,false,ns,excess_ppp_for_post,margin_bucket,,up6-15,
official_inferred,3404,0.01631621411988971,0.6718920874489037,0.4515725758735949,0.4513063570303888,2.007376483180753,0.1565358114547114,1.4168198899748343,0.15662712938653844,-0.006262922767952834,0.038895351007732254,3.8414588206941205,false,ns,excess_ppp_for_post,margin_bucket,,down1-5,
official_inferred,1073,0.04031447328326564,0.6813179279358876,0.46538676233819914,0.463761505582092,3.7537653313254835,0.05268869463518289,1.9382555404578825,0.05285433304943732,-0.0004976005805599412,0.08112654714709122,3.8414588206941205,false,ns,excess_ppp_for_post,margin_bucket,,down15+,
official_inferred,2987,0.0380399699191118,0.6919789983186007,0.48012166712009957,0.47867462780865266,9.016116828743563,0.0026760932165158513,3.004449180263556,0.0026827298618186113,0.01321438626184731,0.0628655535763763,3.8414588206941205,true,**,excess_ppp_for_post,margin_bucket,,down6-15,
official_inferred,743,-0.029979974411195487,0.6789671109201406,0.4612746839016878,0.46037588503599186,1.4491560932528758,0.22866341275511914,-1.2035854447967997,0.22913369059088162,-0.07888026158760311,0.01892031276521214,3.8414588206941205,false,ns,excess_ppp_for_post,margin_bucket,,tied,
official_inferred,3085,0.01022139377216678,0.6881455351692781,0.4734952555086046,0.4733907786179589,0.6807814189534163,0.4093177751523661,0.8250065703089097,0.40943166749762305,-0.014071054203951348,0.03451384174828491,3.8414588206941205,false,ns,excess_ppp_for_post,margin_bucket,,up1-5,
official_inferred,959,-0.02416685764437642,0.7130298417107584,0.5084654445714133,0.5078814075630097,1.1021661582027582,0.2937912141647616,-1.049595067574895,0.2941690292894701,-0.06935198688205046,0.02101827159329763,3.8414588206941205,false,ns,excess_ppp_for_post,margin_bucket,,up15+,
official_inferred,2287,-0.0015897904583825877,0.6730840096094658,0.4528465169420575,0.45284398950835597,0.012764273964064278,0.9100471356751171,-0.11295454102565036,0.9100765133705748,-0.02919012117161974,0.02601054025485456,3.8414588206941205,false,ns,excess_ppp_for_post,margin_bucket,,up6-15,
challenge,1396,0.015600817968535177,0.09892217904607681,0.010021973288176758,0.009778587766889389,34.320573041612406,4.674145404059971e-9,5.892456759913119,4.763491823212007e-9,0.010407127925123247,0.020794508011947106,3.8414588206941205,true,***,wp_added_calling,overall,,,
full,74236,-0.038973816578982474,0.09809499756246073,0.011141457303379947,0.009622498924647777,10880.69989936897,0.0,-108.25135912331086,0.0,-0.039679475361745,-0.03826815779621995,3.8414588206941205,true,***,wp_added_calling,overall,,,
official_inferred,14538,-0.01262726994164595,0.09682686764164863,0.009534245351307365,0.00937479740512817,245.185249759297,0.0,-15.724104246829164,0.0,-0.014201353572361616,-0.011053186310930285,3.8414588206941205,true,***,wp_added_calling,overall,,,
challenge,623,0.005889963895342451,0.08203605831289232,0.006753804106642081,0.006719112431953643,3.208356711069117,0.07326303003375945,1.7920572132562895,0.07360972609602912,-0.0005644193834420915,0.012344347174126993,3.8414588206941205,false,ns,wp_added_calling,streak_bucket,calm,,
challenge,220,-0.03628278865597222,0.07744770298686476,0.007287323147423106,0.0059708823947691595,43.8331436720431,3.575972851166398e-11,-6.948698333472053,4.1622039148592194e-11,-0.04657365542359101,-0.025991921888353427,3.8414588206941205,true,***,wp_added_calling,streak_bucket,down3-5,,
challenge,54,-0.11106946340244678,0.09434511163183802,0.02107259245435322,0.008736166753845755,47.547094682372204,5.369815703204495e-12,-8.651116310161221,1.035305174923451e-11,-0.1368207217874367,-0.08531820501745685,3.8414588206941205,true,***,wp_added_calling,streak_bucket,down6-9,,
challenge,362,0.0553430874574604,0.09279591375418927,0.011650151420540825,0.008587294091216715,110.4228502291916,0.0,11.347202790940536,0.0,0.04575170685240512,0.06493446806251568,3.8414588206941205,true,***,wp_added_calling,streak_bucket,up3-5,,
challenge,103,0.11120742804556387,0.0909513863165737,0.020558934544125544,0.008191842491616277,94.77614797390768,0.0,12.409180048545965,0.0,0.09343192592677604,0.1289829301643517,3.8414588206941205,true,***,wp_added_calling,streak_bucket,up6-9,,
full,21588,-0.001353252928013115,0.08254272935654182,0.006814817857121824,0.006812986563634648,5.801956473473891,0.01600835211387852,-2.4088311296327736,0.016012022770032885,-0.0024543993264309824,-0.00025210652959524785,3.8414588206941205,true,*,wp_added_calling,streak_bucket,calm,,
full,2834,-0.12057222300458356,0.0951581351159355,0.02358953648351258,0.00905187552324555,2714.493813493394,0.0,-67.45299983806355,0.0,-0.12407715564296225,-0.11706729036620488,3.8414588206941205,true,***,wp_added_calling,streak_bucket,down10+,,
full,27399,-0.05032312625094916,0.08221532849865658,0.009291530574827728,0.00675911353915876,8718.67815307294,0.0,-101.31696527327328,0.0,-0.051296663824056274,-0.049349588677842046,3.8414588206941205,true,***,wp_added_calling,streak_bucket,down3-5,,
full,15219,-0.10278343806614336,0.088520464429267,0.018399792889127072,0.007835357748430345,12992.351841231506,0.0,-143.24270553567462,0.0,-0.10418991708929684,-0.10137695904298988,3.8414588206941205,true,***,wp_added_calling,streak_bucket,down6-9,,
full,250,0.09323456756407736,0.09023784452696718,0.016802981699394114,0.008110297110533609,182.1054625568387,0.0,16.336471228278924,0.0,0.08199414020433712,0.1044749949238176,3.8414588206941205,true,***,wp_added_calling,streak_bucket,up10+,,
full,5476,0.04699872564107805,0.08268372299382817,0.009044229794328278,0.006835349582442951,1533.3859484276652,0.0,42.06276122447195,0.0,0.04480828032863528,0.04918917095352082,3.8414588206941205,true,***,wp_added_calling,streak_bucket,up3-5,,
full,1470,0.0952695736220564,0.08829370877478437,0.01686676741630819,0.0077904757581797645,1135.4916950287418,0.0,41.36977217126625,0.0,0.0907522920964816,0.0997868551476312,3.8414588206941205,true,***,wp_added_calling,streak_bucket,up6-9,,
official_inferred,6736,0.0025392454557387274,0.08327168952858563,0.006939592624257892,0.006933144856773403,6.261513268353603,0.012338876341501437,2.5026974254498695,0.012348591000334475,0.0005503017872756852,0.00452818912420177,3.8414588206941205,true,*,wp_added_calling,streak_bucket,calm,,
official_inferred,130,-0.1380148431499752,0.09904105557773918,0.0287817727682039,0.009733675838491645,140.93958942913554,0.0,-15.888474889587394,0.0,-0.1552012470847449,-0.1208284392152055,3.8414588206941205,true,***,wp_added_calling,streak_bucket,down10+,,
official_inferred,4334,-0.04697328461356656,0.08489536132922733,0.009412048893282043,0.007205559425894913,1157.7752038515944,0.0,-36.42599484019505,0.0,-0.049501470073346716,-0.04444509915378641,3.8414588206941205,true,***,wp_added_calling,streak_bucket,down3-5,,
official_inferred,1146,-0.10250422818283723,0.09128666407320764,0.018833100231719357,0.008325983436360195,935.4050956378045,0.0,-38.01252790498201,0.0,-0.10779504153025639,-0.09721341483541808,3.8414588206941205,true,***,wp_added_calling,streak_bucket,down6-9,,
official_inferred,39,0.11985345143355904,0.10184383568629865,0.024471063691236913,0.010106213870700419,34.48929417630561,4.28602242585896e-9,7.349335963830078,8.323388200892623e-9,0.08683949904372196,0.15286740382339611,3.8414588206941205,true,***,wp_added_calling,streak_bucket,up10+,,
official_inferred,1771,0.053728660348252896,0.0845521357360077,0.010031795861965793,0.00714502691914787,600.9765523012752,0.0,26.741804571163954,0.0,0.04978807742764315,0.05766924326886264,3.8414588206941205,true,***,wp_added_calling,streak_bucket,up3-5,,
official_inferred,382,0.10075036842423077,0.09091766893891802,0.01839502046048272,0.008244383722864481,306.57325699565496,0.0,21.65858262261216,0.0,0.09160404633452737,0.10989669051393416,3.8414588206941205,true,***,wp_added_calling,streak_bucket,up6-9,,
challenge,224,0.023550069993859994,0.12067154090713965,0.015051219345972294,0.014496613549256588,8.409841161380438,0.003731952646989889,2.9208641139132454,0.0038492285343019184,0.007661225237047976,0.039438914750672016,3.8414588206941205,true,**,wp_added_calling,margin_bucket,,down1-5,
challenge,93,0.0020749002276070623,0.045997203581731684,0.0020972980263869196,0.0020929928154323958,0.19110117878087232,0.6620016920133509,0.4350180358984769,0.664568110374848,-0.007398111489201161,0.011547911944415287,3.8414588206941205,false,ns,wp_added_calling,margin_bucket,,down15+,
challenge,288,0.00904155431271099,0.09417235490601718,0.00891938896477989,0.008837639260390188,2.6518042213976845,0.10343244239518601,1.6293557165556432,0.10433479582526783,-0.0018806566551053464,0.019963765280527325,3.8414588206941205,false,ns,wp_added_calling,margin_bucket,,down6-15,
challenge,46,-0.017969117920582617,0.11807853789562632,0.01396233159059595,0.013639442391752146,1.0762772518562465,0.29953185539566995,-1.0321307276925153,0.30752634250647226,-0.05303411533612991,0.017095879494964675,3.8414588206941205,false,ns,wp_added_calling,margin_bucket,,tied,
challenge,251,0.02154649270138729,0.11945602979013129,0.014677142835002582,0.014212891487271647,8.067634595365378,0.004506290490373321,2.8576258824879717,0.004627683543098726,0.00669647926215554,0.03639650614061904,3.8414588206941205,true,**,wp_added_calling,margin_bucket,,up1-5,
challenge,128,0.014035941410110313,0.03519347468399214,0.0014259119001919954,0.001228904248923946,19.03214351460083,0.00001285349158808291,4.512158888791029,0.000014439447960423735,0.00788044118620024,0.02019144163402039,3.8414588206941205,true,***,wp_added_calling,margin_bucket,,up15+,
challenge,366,0.020022956551985563,0.09363124600969114,0.00914377598499654,0.008742857195913839,16.410115476081536,0.00005101227215387194,4.091173944794838,0.0000528521259828274,0.010398619829882237,0.02964729327408889,3.8414588206941205,true,***,wp_added_calling,margin_bucket,,up6-15,
full,13777,-0.052493013454790446,0.11611370238000845,0.01623692972601255,0.013481413264447737,2562.195747072637,0.0,-53.063435111649206,0.0,-0.054432078572612605,-0.05055394833696829,3.8414588206941205,true,***,wp_added_calling,margin_bucket,,down1-5,
full,7733,-0.021611183368656462,0.04111924429175071,0.002157616851364931,0.0016905736047712373,1886.360340449214,0.0,-46.2176041953647,0.0,-0.022527798874729898,-0.020694567862583026,3.8414588206941205,true,***,wp_added_calling,margin_bucket,,down15+,
full,19018,-0.06108259752294345,0.0935907026935208,0.012489842775591814,0.008758759055441916,6748.756034753674,0.0,-90.00511902012236,0.0,-0.0624128253226699,-0.05975236972321699,3.8414588206941205,true,***,wp_added_calling,margin_bucket,,down6-15,
full,2982,-0.040607421297806714,0.1236068030574627,0.016922480804222647,0.015273518139765081,305.7220199739872,0.0,-17.939769420360903,0.0,-0.04504568410675988,-0.03616915848885355,3.8414588206941205,true,***,wp_added_calling,margin_bucket,,tied,
full,12333,-0.03452187123918216,0.11766070305573731,0.015034678117272337,0.013842918523417664,1018.5282465977566,0.0,-32.58346415532241,0.0,-0.03659863832258985,-0.03244510415577447,3.8414588206941205,true,***,wp_added_calling,margin_bucket,,up1-5,
full,5112,-0.002983969970874688,0.03387991463649929,0.0011565281525370002,0.0011476240757499184,39.50942698560696,3.2647951009323606e-10,-6.297201111988624,3.2842306652014486e-10,-0.003912931727423997,-0.0020550082143253796,3.8414588206941205,true,***,wp_added_calling,margin_bucket,,up15+,
full,13281,-0.02102042449480698,0.08743256793318548,0.00808573658808432,0.007643878342142438,746.3454988632999,0.0,-27.706625620962903,0.0,-0.022507542804727648,-0.01953330618488631,3.8414588206941205,true,***,wp_added_calling,margin_bucket,,up6-15,
official_inferred,3404,-0.028804515592156226,0.111250168852507,0.013202664289247192,0.01237296417074842,220.93616336446576,0.0,-15.106180614164517,0.0,-0.03254311117653626,-0.025065920007776195,3.8414588206941205,true,***,wp_added_calling,margin_bucket,,down1-5,
official_inferred,1073,-0.008272512011574518,0.03371652760673037,0.0012041792254317853,0.0011357447704501407,62.780771811725614,2.3314683517128287e-15,-8.037008473546344,2.4424906541753444e-15,-0.010292187934805297,-0.006252836088343741,3.8414588206941205,true,***,wp_added_calling,margin_bucket,,down15+,
official_inferred,2987,-0.030319079481146857,0.09089835536244367,0.009178991431164922,0.008259744850580822,315.19909898439386,0.0,-18.22961922326459,0.0,-0.033580167940249366,-0.02705799102204435,3.8414588206941205,true,***,wp_added_calling,margin_bucket,,down6-15,
official_inferred,743,-0.010557163863244842,0.11514192947376636,0.013351274207923971,0.013239820499088568,6.228445388341554,0.012571405701877758,-2.499241171174378,0.012660972621142408,-0.018849868070496344,-0.0022644596559933394,3.8414588206941205,true,*,wp_added_calling,margin_bucket,,tied,
official_inferred,3085,0.0037733742535467885,0.1110147599454445,0.012334520375622503,0.012320282022365174,3.5632266665996046,0.05907280545973692,1.8878902426496498,0.05913448459615833,-0.00014559367217339752,0.007692342179266974,3.8414588206941205,false,ns,wp_added_calling,margin_bucket,,up1-5,
official_inferred,959,0.0011524900684999043,0.029405870458216472,0.0008651317769183466,0.0008638035435603557,1.4734802694068119,0.22479738737313426,1.2137030839521763,0.2251602619348405,-0.0007109776004168269,0.0030159577374166352,3.8414588206941205,false,ns,wp_added_calling,margin_bucket,,up15+,
official_inferred,2287,0.0039408358833247755,0.08397414236346695,0.007064103407775897,0.007048573220316596,5.033425478716216,0.02486267737099035,2.244273876356025,0.024910108103466166,0.0004974111881861686,0.007384260578463382,3.8414588206941205,true,*,wp_added_calling,margin_bucket,,up6-15,
challenge,30,0.006016508501753043,0.13650768824472448,0.018049402359473263,0.018013203984921598,0.060225907739109935,0.8061392397939435,0.2414059945051561,0.8109392563235662,-0.04495630000348863,0.05698931700699472,3.8414588206941205,false,ns,wp_added_calling,time_bucket,,,OT
challenge,150,0.019308852069331608,0.10861065658627568,0.012090464660843228,0.011717632892607896,4.69834578668709,0.03019166287170849,2.1773570188840043,0.031027697133821697,0.0017855218096912116,0.03683218232897201,3.8414588206941205,true,*,wp_added_calling,time_bucket,,,Q1
challenge,331,0.026618589012969755,0.0964756989454066,0.009987990249958494,0.0092794409689171,24.355672344862818,8.009056229330014e-7,5.0197385076974355,8.480266695531924e-7,0.01618706542303724,0.037050112602902266,3.8414588206941205,true,***,wp_added_calling,time_bucket,,,Q2
challenge,356,0.005888410215630683,0.0864549578688579,0.007488137441546276,0.007453464066678732,1.6522651341927237,0.19865091441951166,1.2850888425932459,0.19959903239202137,-0.0031230704012886355,0.01489989083255,3.8414588206941205,false,ns,wp_added_calling,time_bucket,,,Q3
challenge,433,0.015990554946694005,0.10798943197771024,0.011890482893579904,0.011634785046076663,9.41298764237556,0.002154538853379684,3.081244968376446,0.002193170778595155,0.005790468783270431,0.02619064111011758,3.8414588206941205,true,**,wp_added_calling,time_bucket,,,Q4_clutch
challenge,96,0.009072724235903702,0.07307818238250473,0.0053671056826796,0.005284791357618846,1.4837418122339145,0.2231899975221069,1.216425709037169,0.22683646902640775,-0.005734291729019573,0.023879740200826977,3.8414588206941205,false,ns,wp_added_calling,time_bucket,,,Q4_early
full,404,-0.05296517785556843,0.11775247433952842,0.01663663437436052,0.013831324309088521,74.60718759612374,0.0,-9.040887721207286,0.0,-0.06448202751176477,-0.04144832819937209,3.8414588206941205,true,***,wp_added_calling,time_bucket,,,OT
full,15673,-0.04105982366873558,0.10924962178634012,0.013620627448879066,0.011934718329171408,2070.931617272789,0.0,-47.05147089253928,0.0,-0.042770333239946015,-0.03934931409752515,3.8414588206941205,true,***,wp_added_calling,time_bucket,,,Q1
full,16909,-0.04485866576751162,0.09709390955566213,0.01143896964005341,0.00942666974561209,3271.6046639336423,0.0,-60.07770384117284,0.0,-0.04632223141666097,-0.04339510011836228,3.8414588206941205,true,***,wp_added_calling,time_bucket,,,Q2
full,17587,-0.04060818097106946,0.09423551322438983,0.01052885137716275,0.008879827015383621,2995.7196793529206,0.0,-57.14718171807838,0.0,-0.042001006444121934,-0.03921535549801699,3.8414588206941205,true,***,wp_added_calling,time_bucket,,,Q3
full,11035,-0.020045880603682162,0.09531829269370361,0.00948659090940522,0.009084753580228139,477.6140078553553,0.0,-22.092000950328103,0.0,-0.021824511446972922,-0.018267249760391402,3.8414588206941205,true,***,wp_added_calling,time_bucket,,,Q4_clutch
full,12628,-0.04232136115623339,0.08943783668156777,0.009789590796727862,0.00799849318661152,2551.6955765697026,0.0,-53.174770947527705,0.0,-0.04388142984954844,-0.04076129246291834,3.8414588206941205,true,***,wp_added_calling,time_bucket,,,Q4_early
official_inferred,5209,-0.015174907451813944,0.1067134471140471,0.01161585144108278,0.011385573624911662,104.302861148262,0.0,-10.26323045549309,0.0,-0.018073525585001526,-0.01227628931862636,3.8414588206941205,true,***,wp_added_calling,time_bucket,,,Q1
official_inferred,3623,-0.0101302168706161,0.09553171428758878,0.009226410736455635,0.00912378944260992,40.52280847026023,1.9433421538650464e-10,-6.3827133255704265,1.9600943090836154e-10,-0.013241980832564417,-0.007018452908667781,3.8414588206941205,true,***,wp_added_calling,time_bucket,,,Q2
official_inferred,3647,-0.013348702694740287,0.09055234782276439,0.008375667211150947,0.008197479347518381,78.4252016802961,0.0,-8.902402522376477,0.0,-0.01628854557754432,-0.010408859811936254,3.8414588206941205,true,***,wp_added_calling,time_bucket,,,Q3
official_inferred,613,0.0002411342176128384,0.0718759915318245,0.00515778864018715,0.005157730494476246,0.006910620845945978,0.9337480573258199,0.08306254446093901,0.9338289682493606,-0.005460002243322064,0.005942270678547742,3.8414588206941205,false,ns,wp_added_calling,time_bucket,,,Q4_clutch
official_inferred,1446,-0.013341962877307545,0.08608927681783504,0.00758424613210601,0.007406238158686558,34.3433373019678,4.619791882376489e-9,-5.893249320796227,4.70507544036991e-9,-0.01778292353937822,-0.00890100221523687,3.8414588206941205,true,***,wp_added_calling,time_bucket,,,Q4_early
